market,f_stage,f_stage_label,action,score,price,entry,stop,targets,rr,reason
KRW-BAT,F1,신고가 상승,진입가 대기,9.5,185.0,"[196.4954, 204.5157]",190.4803,[223.6135],2.3,업비트 신고가 흐름 + 바이낸스 2025-08-07~2025-09-20 과거 횡보 매물대
KRW-ZRO,F2,매물대 도착,확인 대기,9.8,2675.0,"[2443.2541, 2567.9099]",2368.4606,[2962.0265],3.33,업비트 신고가 흐름 + 바이낸스 2026-03-02~2026-04-15 과거 횡보 매물대
KRW-RAY,F2,매물대 도착,확인 대기,9.4,3115.0,"[2639.6169, 2774.2913]",2558.8123,[3467.8061],5.14,업비트 신고가 흐름 + 바이낸스 2025-05-29~2025-07-12 과거 횡보 매물대
KRW-W,F2,매물대 도착,확인 대기,9.3,23.5,"[22.1691, 23.3001]",21.4904,[28.0298],4.26,업비트 신고가 흐름 + 바이낸스 2026-02-12~2026-03-28 과거 횡보 매물대
KRW-JUP,F2,매물대 도착,확인 대기,9.0,513.0,"[448.6442, 471.5342]",434.9102,[621.3198],6.4,업비트 신고가 흐름 + 바이낸스 2025-09-27~2025-11-10 과거 횡보 매물대
KRW-OPG,F2,매물대 도착,확인 대기,8.5,203.0,"[196.418, 206.4394]",190.4052,[254.5508],4.82,업비트 신고가 흐름 + 바이낸스 2026-05-27~2026-06-25 과거 횡보 매물대
KRW-ATOM,F2,매물대 도착,확인 대기,8.3,2825.0,"[2491.918, 2619.0567]",2415.6348,[2916.8877],2.58,업비트 신고가 흐름 + 바이낸스 2026-04-19~2026-06-02 과거 횡보 매물대
KRW-IMX,F3,매물대 돌파,진입 검토,9.0,273.0,"[255.5967, 263.342]",246.5604,[286.3857],2.09,업비트 신고가 흐름 + 바이낸스 2026-04-19~2026-06-02 과거 횡보 매물대
KRW-A,F3,매물대 돌파,진입 검토,8.4,144.0,"[125.1269, 128.9187]",120.7033,[141.8853],2.35,업비트 신고가 흐름 + 바이낸스 2026-03-24~2026-05-07 과거 횡보 매물대
