종목명,코드,시장,영문명,분석시간봉,신호기준,24시간거래대금,24시간등락률_pct,시장경보,주의사유,점수,위치분류,흐름판정,흐름근거,현재가,일봉기준종가,박스하단,박스상단,박스내위치%,장중박스위치_pct,장중등락_완성일봉대비_pct,매수존하단,매수존상단,진한매수존하단,진한매수존상단,중심존하단,중심선,중심존상단,매도존하단,매도존상단,진한매도존하단,진한매도존상단,급등폭%,조정깊이%,거래량감소%,박스경과일,1차익절손익비,최종목표손익비,참고손익비,실전진입판정,일봉안전판정,진입금지사유,5분봉확인규칙,추가매수규칙,주의,선별모드,진입구간하단,진입구간상단,1차분할매수가_30pct,2차분할매수가_30pct,3차분할매수가_40pct,계획평균매수가,손절가,일봉매매종료라인,1차익절_35%,2차익절_35%,3차익절_30%,데이터기준일,순위,진입성향태그,4시간봉판정,1시간봉판정,15분봉판정,5분봉판정,과매매판정,당일동일코인진입횟수,과매매금지사유
유니스왑,KRW-UNI,UPBIT-KRW,Uniswap,1D,마지막 완성 일봉 종가,5648128166,1.99,False,,7.0,매수존·확인대기,하락·매수구간,매수존 내부 — 지지 캔들 확인 전 선매수 금지,10230.0,10030.0,9650.0,13860.0,9,14,1.99,9650.0,10282.0,9650.0,9860.0,11879.0,11984.0,12089.0,12597.0,13860.0,13439.0,13860.0,315,42,-3,16,3.26,6.32,3.26,진입조건충족,5분봉 확인대기,,매수존 터치 후 5분봉 종가 재진입 + 양봉 전환 + 직전 저점 미이탈 시에만 진입,최초 진입 전에 정한 매수존 내부 2~3회만 허용; 손절가 이탈 후 추가매수 금지,거래량주의,엄격,9650.0,10282.0,10280.0,9965.0,9755.0,9975.0,9360.0,11690.0,11980.0,12600.0,13860.0,2026-10-09,1순위,단기박스상단·추격주의,박스 하단 유지,박스 하단 유지,하락 가속 중단 또는 미확인,진입 확인,진입가능,0,
오피셜트럼프,KRW-TRUMP,UPBIT-KRW,Official Trump,1D,마지막 완성 일봉 종가,5392924510,1.01,False,,5.0,매수존·확인대기,하락·매수구간,매수존 내부 — 지지 캔들 확인 전 선매수 금지,2605.0,2579.0,2392.0,4249.0,10,11,1.01,2392.0,2671.0,2392.0,2485.0,3201.0,3247.0,3294.0,3692.0,4249.0,4063.0,4249.0,161,79,28,48,3.29,7.93,3.29,진입조건충족,5분봉 확인대기,,매수존 터치 후 5분봉 종가 재진입 + 양봉 전환 + 직전 저점 미이탈 시에만 진입,최초 진입 전에 정한 매수존 내부 2~3회만 허용; 손절가 이탈 후 추가매수 금지,"조정깊음,박스폭넓음,관찰보충",관찰보충,2392.0,2671.0,2670.0,2531.0,2438.0,2536.0,2320.0,2700.0,3247.0,3692.0,4249.0,2026-10-09,3순위,박스중단·반등기대,박스 하단 유지,박스 하단 유지,하락 가속 중단 또는 미확인,진입 확인,진입가능,0,
제로지,KRW-0G,UPBIT-KRW,0G,1D,마지막 완성 일봉 종가,3586657837,0.57,False,,8.0,매수존·확인대기,하락·매수구간,매수존 내부 — 지지 캔들 확인 전 선매수 금지,354.0,352.0,343.0,440.0,9,11,0.57,343.0,357.6,343.0,347.9,402.2,405.4,408.7,410.9,440.0,430.3,440.0,161,47,70,9,3.06,5.0,3.06,5분봉 확인대기,5분봉 확인대기,양봉 전환·직전 종가 회복 미확인 / 직전 2개 봉 저점 이탈,매수존 터치 후 5분봉 종가 재진입 + 양봉 전환 + 직전 저점 미이탈 시에만 진입,최초 진입 전에 정한 매수존 내부 2~3회만 허용; 손절가 이탈 후 추가매수 금지,"박스미성숙,관찰보충",관찰보충,343.0,357.6,357.0,350.0,345.0,350.0,332.0,391.0,405.0,411.0,440.0,2026-10-09,1순위,단기박스하단·되돌림매수,박스 하단 유지,박스 하단 유지,하락 가속 중단 또는 미확인,양봉 전환·직전 종가 회복 미확인 / 직전 2개 봉 저점 이탈,진입가능,0,
헤데라,KRW-HBAR,UPBIT-KRW,Hedera,1D,마지막 완성 일봉 종가,4492713526,0.0,False,,5.5,매수존·확인대기,하락·매수구간,매수존 내부 — 지지 캔들 확인 전 선매수 금지,127.0,127.0,121.0,167.0,13,13,0.0,121.0,127.9,121.0,123.3,139.5,140.7,141.8,153.2,167.0,162.4,167.0,95,59,-4,11,2.43,6.14,2.43,5분봉 확인대기,5분봉 확인대기,양봉 전환·직전 종가 회복 미확인 / 직전 2개 봉 저점 이탈,매수존 터치 후 5분봉 종가 재진입 + 양봉 전환 + 직전 저점 미이탈 시에만 진입,최초 진입 전에 정한 매수존 내부 2~3회만 허용; 손절가 이탈 후 추가매수 금지,"거래량주의,박스미성숙",완화,121.0,127.9,127.0,124.0,122.0,124.0,117.0,131.0,141.0,153.0,167.0,2026-10-09,2순위,단기박스상단·추격주의,박스 하단 유지,박스 하단 유지,하락 가속 중단 또는 미확인,양봉 전환·직전 종가 회복 미확인 / 직전 2개 봉 저점 이탈,진입가능,0,
아크,KRW-ARK,UPBIT-KRW,Ark,1D,마지막 완성 일봉 종가,3364313768,0.68,False,,5.0,매수존·확인대기,하락·매수구간,매수존 내부 — 지지 캔들 확인 전 선매수 금지,295.0,293.0,276.0,423.0,12,13,0.68,276.0,298.1,276.0,283.4,317.4,321.1,324.8,378.9,423.0,408.3,423.0,336,57,-9,9,1.7,6.8,1.7,5분봉 확인대기,5분봉 확인대기,양봉 전환·직전 종가 회복 미확인,매수존 터치 후 5분봉 종가 재진입 + 양봉 전환 + 직전 저점 미이탈 시에만 진입,최초 진입 전에 정한 매수존 내부 2~3회만 허용; 손절가 이탈 후 추가매수 금지,"거래량주의,박스미성숙,관찰보충",관찰보충,276.0,298.1,298.0,287.0,279.0,287.0,267.0,278.0,321.0,379.0,423.0,2026-10-09,3순위,박스중단·반등기대,박스 하단 유지,박스 하단 유지,하락 가속 중단 또는 미확인,양봉 전환·직전 종가 회복 미확인,진입가능,0,
온톨로지,KRW-ONT,UPBIT-KRW,Ontology,1D,마지막 완성 일봉 종가,3105294999,-0.48,False,,7.0,매도구간·추격금지,상승·매도구간,매도존 내부 진입 — 2·3차 분할매도 구간,83.3,83.7,65.3,88.0,81,79,-0.48,65.3,68.7,65.3,66.44,76.73,77.35,77.96,81.19,88.0,85.73,88.0,120,41,88,43,2.78,5.68,2.78,관망,관망,장중 현재가가 매수존 상단 초과 / 현재가가 중심존 이상 — 추격 금지 / 완성 일봉 종가가 매수존 밖 / 일봉·현재가 안전조건 미통과 / 최근 6개 5분봉이 매수존 미접촉 / 최근 5분봉 종가가 매수존 안에 없음,매수존 터치 후 5분봉 종가 재진입 + 양봉 전환 + 직전 저점 미이탈 시에만 진입,최초 진입 전에 정한 매수존 내부 2~3회만 허용; 손절가 이탈 후 추가매수 금지,"현재가매수존초과,신규진입관망",엄격,65.3,68.7,68.7,67.0,65.8,67.0,63.3,76.7,77.3,81.2,88.0,2026-10-09,1순위,단기박스상단·추격주의,박스 하단 유지,박스 하단 유지,하락 가속 중단 또는 미확인,최근 6개 5분봉이 매수존 미접촉 / 최근 5분봉 종가가 매수존 안에 없음,진입가능,0,
아비트럼,KRW-ARB,UPBIT-KRW,Arbitrum,1D,마지막 완성 일봉 종가,3147607206,1.6,False,,6.5,하단반등대기,하락,매수존과 중심존 사이의 회복 여부 확인,254.0,250.0,223.0,321.0,28,32,1.6,223.0,237.7,223.0,227.9,280.2,282.6,285.1,291.6,321.0,311.2,321.0,237,39,40,16,3.79,6.5,3.79,관망,관망,장중 현재가가 매수존 상단 초과 / 완성 일봉 종가가 매수존 밖 / 일봉·현재가 안전조건 미통과 / 최근 6개 5분봉이 매수존 미접촉 / 최근 5분봉 종가가 매수존 안에 없음 / 양봉 전환·직전 종가 회복 미확인,매수존 터치 후 5분봉 종가 재진입 + 양봉 전환 + 직전 저점 미이탈 시에만 진입,최초 진입 전에 정한 매수존 내부 2~3회만 허용; 손절가 이탈 후 추가매수 금지,"현재가매수존초과,신규진입관망",엄격,223.0,237.7,237.0,230.0,225.0,230.0,216.0,258.0,283.0,292.0,321.0,2026-10-09,2순위,단기박스상단·추격주의,박스 하단 유지,박스 하단 유지,하락 가속 중단 또는 미확인,최근 6개 5분봉이 매수존 미접촉 / 최근 5분봉 종가가 매수존 안에 없음 / 양봉 전환·직전 종가 회복 미확인,진입가능,0,
엑스알피(리플),KRW-XRP,UPBIT-KRW,XRP,1D,마지막 완성 일봉 종가,89263146181,0.58,False,,6.0,대기,하락,매수존과 중심존 사이의 회복 여부 확인,1920.0,1909.0,1714.0,2219.0,39,41,0.58,1714.0,1790.0,1714.0,1739.0,1959.0,1974.0,1990.0,2068.0,2219.0,2168.0,2219.0,67,45,64,48,2.47,5.19,2.47,관망,관망,장중 현재가가 매수존 상단 초과 / 완성 일봉 종가가 매수존 밖 / 일봉·현재가 안전조건 미통과 / 최근 6개 5분봉이 매수존 미접촉 / 최근 5분봉 종가가 매수존 안에 없음 / 양봉 전환·직전 종가 회복 미확인,매수존 터치 후 5분봉 종가 재진입 + 양봉 전환 + 직전 저점 미이탈 시에만 진입,최초 진입 전에 정한 매수존 내부 2~3회만 허용; 손절가 이탈 후 추가매수 금지,"현재가매수존초과,신규진입관망",엄격,1714.0,1790.0,1789.0,1751.0,1726.0,1752.0,1662.0,1988.0,1974.0,2068.0,2219.0,2026-10-09,2순위,박스중단·반등기대,박스 하단 유지,박스 하단 유지,하락 가속 중단 또는 미확인,최근 6개 5분봉이 매수존 미접촉 / 최근 5분봉 종가가 매수존 안에 없음 / 양봉 전환·직전 종가 회복 미확인,진입가능,0,
에테나,KRW-ENA,UPBIT-KRW,Ethena,1D,마지막 완성 일봉 종가,13693690199,2.03,False,,5.5,하단반등대기,하락,매수존과 중심존 사이의 회복 여부 확인,301.0,295.0,268.0,380.0,24,29,2.03,268.0,284.8,268.0,273.6,325.9,328.7,331.5,346.4,380.0,368.8,380.0,276,35,6,12,3.12,6.12,3.12,관망,관망,장중 현재가가 매수존 상단 초과 / 완성 일봉 종가가 매수존 밖 / 일봉·현재가 안전조건 미통과 / 최근 6개 5분봉이 매수존 미접촉 / 최근 5분봉 종가가 매수존 안에 없음 / 양봉 전환·직전 종가 회복 미확인 / 직전 2개 봉 저점 이탈,매수존 터치 후 5분봉 종가 재진입 + 양봉 전환 + 직전 저점 미이탈 시에만 진입,최초 진입 전에 정한 매수존 내부 2~3회만 허용; 손절가 이탈 후 추가매수 금지,"거래량주의,박스미성숙,현재가매수존초과,신규진입관망",완화,268.0,284.8,284.0,276.0,270.0,276.0,259.0,311.0,329.0,346.0,380.0,2026-10-09,2순위,박스중단·반등기대,박스 하단 유지,박스 하단 유지,하락 가속 중단 또는 미확인,최근 6개 5분봉이 매수존 미접촉 / 최근 5분봉 종가가 매수존 안에 없음 / 양봉 전환·직전 종가 회복 미확인 / 직전 2개 봉 저점 이탈,진입가능,0,
체인링크,KRW-LINK,UPBIT-KRW,Chainlink,1D,마지막 완성 일봉 종가,4081810276,0.29,False,,5.5,하단반등대기,하락,매수존과 중심존 사이의 회복 여부 확인,17590.0,17540.0,16720.0,20370.0,22,24,0.29,16720.0,17268.0,16720.0,16902.0,18644.0,18795.0,18945.0,19275.0,20370.0,20005.0,20370.0,101,36,-9,10,2.27,4.27,2.27,관망,관망,장중 현재가가 매수존 상단 초과 / 완성 일봉 종가가 매수존 밖 / 일봉·현재가 안전조건 미통과 / 최근 6개 5분봉이 매수존 미접촉 / 최근 5분봉 종가가 매수존 안에 없음 / 양봉 전환·직전 종가 회복 미확인 / 직전 2개 봉 저점 이탈,매수존 터치 후 5분봉 종가 재진입 + 양봉 전환 + 직전 저점 미이탈 시에만 진입,최초 진입 전에 정한 매수존 내부 2~3회만 허용; 손절가 이탈 후 추가매수 금지,"거래량주의,박스미성숙,현재가매수존초과,신규진입관망",완화,16720.0,17268.0,17260.0,16990.0,16810.0,17000.0,16210.0,18250.0,18790.0,19280.0,20370.0,2026-10-09,2순위,단기박스상단·추격주의,박스 하단 유지,박스 하단 유지,하락 가속 중단 또는 미확인,최근 6개 5분봉이 매수존 미접촉 / 최근 5분봉 종가가 매수존 안에 없음 / 양봉 전환·직전 종가 회복 미확인 / 직전 2개 봉 저점 이탈,진입가능,0,
솔라나,KRW-SOL,UPBIT-KRW,Solana,1D,마지막 완성 일봉 종가,21014764252,0.33,False,,5.5,하단반등대기,하락,매수존과 중심존 사이의 회복 여부 확인,150000.0,149500.0,146000.0,167500.0,16,19,0.33,146000.0,149225.0,146000.0,147075.0,158386.0,159663.0,160940.0,161050.0,167500.0,165350.0,167500.0,85,26,12,12,2.02,3.32,2.02,관망,관망,장중 현재가가 매수존 상단 초과 / 완성 일봉 종가가 매수존 밖 / 일봉·현재가 안전조건 미통과 / 최근 6개 5분봉이 매수존 미접촉 / 최근 5분봉 종가가 매수존 안에 없음 / 양봉 전환·직전 종가 회복 미확인,매수존 터치 후 5분봉 종가 재진입 + 양봉 전환 + 직전 저점 미이탈 시에만 진입,최초 진입 전에 정한 매수존 내부 2~3회만 허용; 손절가 이탈 후 추가매수 금지,"거래량주의,박스미성숙,현재가매수존초과,신규진입관망",완화,146000.0,149225.0,149200.0,147600.0,146500.0,147600.0,141600.0,158300.0,159700.0,161000.0,167500.0,2026-10-09,2순위,단기박스상단·추격주의,박스 하단 유지,박스 하단 유지,하락 가속 중단 또는 미확인,최근 6개 5분봉이 매수존 미접촉 / 최근 5분봉 종가가 매수존 안에 없음 / 양봉 전환·직전 종가 회복 미확인,진입가능,0,
스택스,KRW-STX,UPBIT-KRW,Stacks,1D,마지막 완성 일봉 종가,7098997908,0.37,False,,5.5,매도구간·추격금지,상승·매도구간,매도존 내부 진입 — 2·3차 분할매도 구간,543.0,541.0,479.0,559.0,78,80,0.37,479.0,491.0,479.0,483.0,514.7,518.8,523.0,535.0,559.0,551.0,559.0,239,5,36,8,1.62,3.52,1.62,관망,관망,장중 현재가가 매수존 상단 초과 / 현재가가 중심존 이상 — 추격 금지 / 완성 일봉 종가가 매수존 밖 / 일봉·현재가 안전조건 미통과 / 최근 6개 5분봉이 매수존 미접촉 / 최근 5분봉 종가가 매수존 안에 없음 / 직전 2개 봉 저점 이탈,매수존 터치 후 5분봉 종가 재진입 + 양봉 전환 + 직전 저점 미이탈 시에만 진입,최초 진입 전에 정한 매수존 내부 2~3회만 허용; 손절가 이탈 후 추가매수 금지,"박스미성숙,관찰보충,현재가매수존초과,신규진입관망",관찰보충,479.0,491.0,491.0,485.0,481.0,485.0,464.0,445.5,519.0,535.0,559.0,2026-10-09,2순위,박스중단·반등기대,박스 하단 유지,박스 하단 유지,하락 가속 중단 또는 미확인,최근 6개 5분봉이 매수존 미접촉 / 최근 5분봉 종가가 매수존 안에 없음 / 직전 2개 봉 저점 이탈,진입가능,0,
수이,KRW-SUI,UPBIT-KRW,Sui,1D,마지막 완성 일봉 종가,15278348504,2.87,False,,5.0,하단반등대기,하락,매수존과 중심존 사이의 회복 여부 확인,1505.0,1463.0,1377.0,1713.0,26,38,2.87,1377.0,1427.0,1377.0,1394.0,1560.0,1573.0,1586.0,1612.0,1713.0,1679.0,1713.0,95,34,1,11,2.5,4.56,2.5,관망,관망,장중 현재가가 매수존 상단 초과 / 완성 일봉 종가가 매수존 밖 / 일봉·현재가 안전조건 미통과 / 최근 6개 5분봉이 매수존 미접촉 / 최근 5분봉 종가가 매수존 안에 없음 / 직전 2개 봉 저점 이탈,매수존 터치 후 5분봉 종가 재진입 + 양봉 전환 + 직전 저점 미이탈 시에만 진입,최초 진입 전에 정한 매수존 내부 2~3회만 허용; 손절가 이탈 후 추가매수 금지,"거래량주의,박스미성숙,현재가매수존초과,신규진입관망",완화,1377.0,1427.0,1427.0,1402.0,1385.0,1403.0,1335.0,1508.0,1573.0,1612.0,1713.0,2026-10-09,3순위,단기박스상단·추격주의,박스 하단 유지,박스 하단 유지,하락 가속 중단 또는 미확인,최근 6개 5분봉이 매수존 미접촉 / 최근 5분봉 종가가 매수존 안에 없음 / 직전 2개 봉 저점 이탈,진입가능,0,
아발란체,KRW-AVAX,UPBIT-KRW,Avalanche,1D,마지막 완성 일봉 종가,6176660441,2.41,False,,5.0,하단반등대기,하락,매수존과 중심존 사이의 회복 여부 확인,14470.0,14130.0,13470.0,15910.0,27,41,2.41,13470.0,13836.0,13470.0,13592.0,14811.0,14931.0,15050.0,15178.0,15910.0,15666.0,15910.0,89,28,-49,10,2.12,3.75,2.12,관망,관망,장중 현재가가 매수존 상단 초과 / 완성 일봉 종가가 매수존 밖 / 일봉·현재가 안전조건 미통과 / 최근 6개 5분봉이 매수존 미접촉 / 최근 5분봉 종가가 매수존 안에 없음,매수존 터치 후 5분봉 종가 재진입 + 양봉 전환 + 직전 저점 미이탈 시에만 진입,최초 진입 전에 정한 매수존 내부 2~3회만 허용; 손절가 이탈 후 추가매수 금지,"거래량주의,박스미성숙,현재가매수존초과,신규진입관망",완화,13470.0,13836.0,13830.0,13650.0,13530.0,13660.0,13060.0,14640.0,14930.0,15180.0,15910.0,2026-10-09,3순위,단기박스상단·추격주의,박스 하단 유지,박스 하단 유지,하락 가속 중단 또는 미확인,최근 6개 5분봉이 매수존 미접촉 / 최근 5분봉 종가가 매수존 안에 없음,진입가능,0,
온도파이낸스,KRW-ONDO,UPBIT-KRW,Ondo Finance,1D,마지막 완성 일봉 종가,35695992663,2.58,False,,5.0,대기,하락,매수존과 중심존 사이의 회복 여부 확인,676.0,659.0,607.0,721.0,46,61,2.58,607.0,624.1,607.0,612.7,664.7,670.1,675.4,686.8,721.0,709.6,721.0,128,36,-22,11,2.04,3.93,2.04,관망,관망,장중 현재가가 매수존 상단 초과 / 현재가가 중심존 이상 — 추격 금지 / 완성 일봉 종가가 매수존 밖 / 일봉·현재가 안전조건 미통과 / 최근 6개 5분봉이 매수존 미접촉 / 최근 5분봉 종가가 매수존 안에 없음 / 양봉 전환·직전 종가 회복 미확인,매수존 터치 후 5분봉 종가 재진입 + 양봉 전환 + 직전 저점 미이탈 시에만 진입,최초 진입 전에 정한 매수존 내부 2~3회만 허용; 손절가 이탈 후 추가매수 금지,"거래량주의,박스미성숙,현재가매수존초과,신규진입관망",완화,607.0,624.1,624.0,615.0,609.0,615.0,588.0,645.0,670.0,687.0,721.0,2026-10-09,3순위,단기박스상단·추격주의,박스 하단 유지,박스 하단 유지,하락 가속 중단 또는 미확인,최근 6개 5분봉이 매수존 미접촉 / 최근 5분봉 종가가 매수존 안에 없음 / 양봉 전환·직전 종가 회복 미확인,진입가능,0,
이더리움,KRW-ETH,UPBIT-KRW,Ethereum,1D,마지막 완성 일봉 종가,38066733829,-0.18,False,,5.0,하단반등대기,하락,매수존과 중심존 사이의 회복 여부 확인,3399000.0,3405000.0,3316000.0,3756000.0,20,19,-0.18,3316000.0,3382000.0,3316000.0,3338000.0,3592595.0,3621568.0,3624000.0,3624000.0,3756000.0,3712000.0,3756000.0,64,25,7,18,2.03,3.03,2.03,관망,관망,장중 현재가가 매수존 상단 초과 / 완성 일봉 종가가 매수존 밖 / 일봉·현재가 안전조건 미통과 / 최근 6개 5분봉이 매수존 미접촉 / 최근 5분봉 종가가 매수존 안에 없음 / 양봉 전환·직전 종가 회복 미확인,매수존 터치 후 5분봉 종가 재진입 + 양봉 전환 + 직전 저점 미이탈 시에만 진입,최초 진입 전에 정한 매수존 내부 2~3회만 허용; 손절가 이탈 후 추가매수 금지,"거래량주의,현재가매수존초과,신규진입관망",엄격,3316000.0,3382000.0,3382000.0,3349000.0,3327000.0,3350000.0,3216000.0,3577000.0,3622000.0,3624000.0,3756000.0,2026-10-09,3순위,박스중단·반등기대,박스 하단 유지,박스 하단 유지,하락 가속 중단 또는 미확인,최근 6개 5분봉이 매수존 미접촉 / 최근 5분봉 종가가 매수존 안에 없음 / 양봉 전환·직전 종가 회복 미확인,진입가능,0,
스텔라루멘,KRW-XLM,UPBIT-KRW,Lumen,1D,마지막 완성 일봉 종가,11454278688,1.13,False,,4.5,하단반등대기,하락,매수존과 중심존 사이의 회복 여부 확인,269.0,266.0,214.0,405.0,27,29,1.13,214.0,242.7,214.0,223.6,291.7,296.5,301.3,347.7,405.0,385.9,405.0,110,76,68,132,3.24,8.43,3.24,관망,관망,장중 현재가가 매수존 상단 초과 / 완성 일봉 종가가 매수존 밖 / 일봉·현재가 안전조건 미통과 / 최근 6개 5분봉이 매수존 미접촉 / 최근 5분봉 종가가 매수존 안에 없음 / 양봉 전환·직전 종가 회복 미확인,매수존 터치 후 5분봉 종가 재진입 + 양봉 전환 + 직전 저점 미이탈 시에만 진입,최초 진입 전에 정한 매수존 내부 2~3회만 허용; 손절가 이탈 후 추가매수 금지,"조정깊음,박스폭넓음,관찰보충,현재가매수존초과,신규진입관망",관찰보충,214.0,242.7,242.0,228.0,218.0,228.0,207.0,287.0,296.0,348.0,405.0,2026-10-09,3순위,박스중단·반등기대,박스 하단 유지,박스 하단 유지,하락 가속 중단 또는 미확인,최근 6개 5분봉이 매수존 미접촉 / 최근 5분봉 종가가 매수존 안에 없음 / 양봉 전환·직전 종가 회복 미확인,진입가능,0,
플라즈마,KRW-XPL,UPBIT-KRW,Plasma,1D,마지막 완성 일봉 종가,3333098021,3.45,False,,4.5,하단반등대기,하락,매수존과 중심존 사이의 회복 여부 확인,120.0,116.0,102.0,177.0,19,24,3.45,102.0,113.2,102.0,105.8,129.7,131.5,133.4,154.5,177.0,169.5,177.0,104,73,60,114,3.09,8.64,3.09,관망,관망,장중 현재가가 매수존 상단 초과 / 완성 일봉 종가가 매수존 밖 / 일봉·현재가 안전조건 미통과 / 최근 6개 5분봉이 매수존 미접촉 / 최근 5분봉 종가가 매수존 안에 없음 / 양봉 전환·직전 종가 회복 미확인,매수존 터치 후 5분봉 종가 재진입 + 양봉 전환 + 직전 저점 미이탈 시에만 진입,최초 진입 전에 정한 매수존 내부 2~3회만 허용; 손절가 이탈 후 추가매수 금지,"조정깊음,박스폭넓음,관찰보충,현재가매수존초과,신규진입관망",관찰보충,102.0,113.2,113.0,107.0,103.0,107.0,98.9,122.0,132.0,154.0,177.0,2026-10-09,3순위,단기박스상단·추격주의,박스 하단 유지,박스 하단 유지,하락 가속 중단 또는 미확인,최근 6개 5분봉이 매수존 미접촉 / 최근 5분봉 종가가 매수존 안에 없음 / 양봉 전환·직전 종가 회복 미확인,진입가능,0,
폴카닷,KRW-DOT,UPBIT-KRW,Polkadot,1D,마지막 완성 일봉 종가,4615714771,1.71,False,,4.5,매도구간·추격금지,상승·매도구간,매도존 내부 진입 — 2·3차 분할매도 구간,1722.0,1693.0,1393.0,1736.0,87,96,1.71,1393.0,1444.0,1393.0,1410.0,1604.0,1617.0,1630.0,1633.0,1736.0,1702.0,1736.0,73,10,-4,13,2.91,4.66,2.91,관망,관망,장중 현재가가 매수존 상단 초과 / 현재가가 중심존 이상 — 추격 금지 / 완성 일봉 종가가 매수존 밖 / 일봉·현재가 안전조건 미통과 / 최근 6개 5분봉이 매수존 미접촉 / 최근 5분봉 종가가 매수존 안에 없음 / 양봉 전환·직전 종가 회복 미확인 / 직전 2개 봉 저점 이탈,매수존 터치 후 5분봉 종가 재진입 + 양봉 전환 + 직전 저점 미이탈 시에만 진입,최초 진입 전에 정한 매수존 내부 2~3회만 허용; 손절가 이탈 후 추가매수 금지,"거래량주의,박스미성숙,현재가매수존초과,신규진입관망",완화,1393.0,1444.0,1444.0,1418.0,1401.0,1419.0,1351.0,1554.0,1617.0,1633.0,1736.0,2026-10-09,3순위,단기박스하단·되돌림매수,박스 하단 유지,박스 하단 유지,하락 가속 중단 또는 미확인,최근 6개 5분봉이 매수존 미접촉 / 최근 5분봉 종가가 매수존 안에 없음 / 양봉 전환·직전 종가 회복 미확인 / 직전 2개 봉 저점 이탈,진입가능,0,
시바이누,KRW-SHIB,UPBIT-KRW,Shiba Inu,1D,마지막 완성 일봉 종가,3635027710,0.27,False,,4.5,대기,중립·공방,회색 중심존에서 수급 균형 확인,0.0075,0.00748,0.00651,0.00844,50,51,0.27,0.00651,0.006799,0.00651,0.006607,0.007477,0.007537,0.007597,0.007861,0.00844,0.008247,0.00844,42,42,38,48,2.62,5.26,2.62,관망,관망,장중 현재가가 매수존 상단 초과 / 현재가가 중심존 이상 — 추격 금지 / 완성 일봉 종가가 매수존 밖 / 일봉·현재가 안전조건 미통과 / 최근 6개 5분봉이 매수존 미접촉 / 최근 5분봉 종가가 매수존 안에 없음 / 양봉 전환·직전 종가 회복 미확인,매수존 터치 후 5분봉 종가 재진입 + 양봉 전환 + 직전 저점 미이탈 시에만 진입,최초 진입 전에 정한 매수존 내부 2~3회만 허용; 손절가 이탈 후 추가매수 금지,"현재가매수존초과,신규진입관망",엄격,0.00651,0.006799,0.00679,0.00665,0.00655,0.00665,0.00631,0.00754,0.00754,0.00786,0.00844,2026-10-09,3순위,박스중단·반등기대,박스 하단 유지,박스 하단 유지,하락 가속 중단 또는 미확인,최근 6개 5분봉이 매수존 미접촉 / 최근 5분봉 종가가 매수존 안에 없음 / 양봉 전환·직전 종가 회복 미확인,진입가능,0,
앱토스,KRW-APT,UPBIT-KRW,Aptos,1D,마지막 완성 일봉 종가,10577817614,0.81,False,,4.5,대기,상승,중심존 위에서 종가 유지 + 단기 종가 기울기 상승,1124.0,1115.0,955.0,1188.0,69,73,0.81,955.0,990.0,955.0,966.6,1081.0,1089.0,1098.0,1118.0,1188.0,1165.0,1188.0,70,18,-7,13,2.54,4.7,2.54,관망,관망,장중 현재가가 매수존 상단 초과 / 현재가가 중심존 이상 — 추격 금지 / 완성 일봉 종가가 매수존 밖 / 일봉·현재가 안전조건 미통과 / 최근 6개 5분봉이 매수존 미접촉 / 최근 5분봉 종가가 매수존 안에 없음 / 양봉 전환·직전 종가 회복 미확인 / 직전 2개 봉 저점 이탈,매수존 터치 후 5분봉 종가 재진입 + 양봉 전환 + 직전 저점 미이탈 시에만 진입,최초 진입 전에 정한 매수존 내부 2~3회만 허용; 손절가 이탈 후 추가매수 금지,"거래량주의,박스미성숙,현재가매수존초과,신규진입관망",완화,955.0,990.0,989.0,972.0,960.0,972.0,926.0,1028.0,1089.0,1118.0,1188.0,2026-10-09,3순위,박스중단·반등기대,박스 하단 유지,박스 하단 유지,하락 가속 중단 또는 미확인,최근 6개 5분봉이 매수존 미접촉 / 최근 5분봉 종가가 매수존 안에 없음 / 양봉 전환·직전 종가 회복 미확인 / 직전 2개 봉 저점 이탈,진입가능,0,
파일코인,KRW-FIL,UPBIT-KRW,Filecoin,1D,마지막 완성 일봉 종가,9177318788,6.87,False,,4.5,대기,중립·공방,회색 중심존에서 수급 균형 확인,1586.0,1484.0,1336.0,1637.0,49,83,6.87,1336.0,1381.0,1336.0,1351.0,1468.0,1480.0,1492.0,1547.0,1637.0,1607.0,1637.0,93,22,3,13,1.89,4.34,1.89,관망,관망,장중 현재가가 매수존 상단 초과 / 현재가가 중심존 이상 — 추격 금지 / 완성 일봉 종가 대비 +6.9% 급등 — 추격 금지 / 완성 일봉 종가가 매수존 밖 / 일봉·현재가 안전조건 미통과 / 최근 6개 5분봉이 매수존 미접촉 / 최근 5분봉 종가가 매수존 안에 없음 / 양봉 전환·직전 종가 회복 미확인,매수존 터치 후 5분봉 종가 재진입 + 양봉 전환 + 직전 저점 미이탈 시에만 진입,최초 진입 전에 정한 매수존 내부 2~3회만 허용; 손절가 이탈 후 추가매수 금지,"거래량주의,박스미성숙,현재가매수존초과,장중급등추격주의,신규진입관망",완화,1336.0,1381.0,1381.0,1358.0,1343.0,1359.0,1295.0,1336.0,1480.0,1547.0,1637.0,2026-10-09,3순위,단기박스하단·되돌림매수,박스 하단 유지,박스 하단 유지,하락 가속 중단 또는 미확인,최근 6개 5분봉이 매수존 미접촉 / 최근 5분봉 종가가 매수존 안에 없음 / 양봉 전환·직전 종가 회복 미확인,진입가능,0,
도지코인,KRW-DOGE,UPBIT-KRW,Dogecoin,1D,마지막 완성 일봉 종가,13399836358,0.85,False,,3.5,하단반등대기,하락,매수존과 중심존 사이의 회복 여부 확인,118.0,117.0,112.0,140.0,18,21,0.85,112.0,116.2,112.0,113.4,126.5,127.5,128.6,131.6,140.0,137.2,140.0,48,56,-24,17,2.33,4.33,2.33,관망,관망,장중 현재가가 매수존 상단 초과 / 완성 일봉 종가가 매수존 밖 / 일봉·현재가 안전조건 미통과 / 최근 6개 5분봉이 매수존 미접촉 / 최근 5분봉 종가가 매수존 안에 없음 / 양봉 전환·직전 종가 회복 미확인,매수존 터치 후 5분봉 종가 재진입 + 양봉 전환 + 직전 저점 미이탈 시에만 진입,최초 진입 전에 정한 매수존 내부 2~3회만 허용; 손절가 이탈 후 추가매수 금지,"거래량주의,현재가매수존초과,신규진입관망",엄격,112.0,116.2,116.0,114.0,112.0,114.0,108.0,124.0,128.0,132.0,140.0,2026-10-09,4순위,단기박스상단·추격주의,박스 하단 유지,박스 하단 유지,하락 가속 중단 또는 미확인,최근 6개 5분봉이 매수존 미접촉 / 최근 5분봉 종가가 매수존 안에 없음 / 양봉 전환·직전 종가 회복 미확인,진입가능,0,
사이버,KRW-CYBER,UPBIT-KRW,Cyber,1D,마지막 완성 일봉 종가,3390112070,-0.41,False,,3.0,매도구간·추격금지,상승·매도구간,매도존 내부 진입 — 2·3차 분할매도 구간,486.0,488.0,408.0,507.0,81,79,-0.41,408.0,422.9,408.0,412.9,447.6,451.2,454.9,477.3,507.0,497.1,507.0,42,13,-62,8,1.8,4.6,1.8,관망,관망,장중 현재가가 매수존 상단 초과 / 현재가가 중심존 이상 — 추격 금지 / 완성 일봉 종가가 매수존 밖 / 일봉·현재가 안전조건 미통과 / 최근 6개 5분봉이 매수존 미접촉 / 최근 5분봉 종가가 매수존 안에 없음 / 양봉 전환·직전 종가 회복 미확인,매수존 터치 후 5분봉 종가 재진입 + 양봉 전환 + 직전 저점 미이탈 시에만 진입,최초 진입 전에 정한 매수존 내부 2~3회만 허용; 손절가 이탈 후 추가매수 금지,"거래량주의,박스미성숙,관찰보충,현재가매수존초과,신규진입관망",관찰보충,408.0,422.9,422.0,415.0,410.0,415.0,395.0,408.0,451.0,477.0,507.0,2026-10-09,4순위,단기박스상단·추격주의,박스 하단 유지,박스 하단 유지,하락 가속 중단 또는 미확인,최근 6개 5분봉이 매수존 미접촉 / 최근 5분봉 종가가 매수존 안에 없음 / 양봉 전환·직전 종가 회복 미확인,진입가능,0,
비트코인,KRW-BTC,UPBIT-KRW,Bitcoin,1D,마지막 완성 일봉 종가,63437199266,-0.18,False,,2.5,대기,하락,매수존과 중심존 사이의 회복 여부 확인,112802000.0,113001000.0,111000000.0,117429000.0,31,28,-0.18,111000000.0,111964350.0,111000000.0,111321450.0,113510451.0,114425858.0,115341265.0,115500300.0,117429000.0,116786100.0,117429000.0,33,16,27,7,0.76,1.55,0.76,관망,관망,1차 익절 손익비 0.76 < 1.00 / 장중 현재가가 매수존 상단 초과 / 완성 일봉 종가가 매수존 밖 / 일봉·현재가 안전조건 미통과 / 최근 6개 5분봉이 매수존 미접촉 / 최근 5분봉 종가가 매수존 안에 없음,매수존 터치 후 5분봉 종가 재진입 + 양봉 전환 + 직전 저점 미이탈 시에만 진입,최초 진입 전에 정한 매수존 내부 2~3회만 허용; 손절가 이탈 후 추가매수 금지,"박스미성숙,급등폭완화,관찰보충,1차손익비미달,현재가매수존초과,신규진입관망",관찰보충,111000000.0,111964350.0,111964000.0,111482000.0,111160000.0,111498000.0,107670000.0,112019000.0,114426000.0,115500000.0,117429000.0,2026-10-09,4순위,단기박스상단·추격주의,박스 하단 유지,박스 하단 유지,하락 가속 중단 또는 미확인,최근 6개 5분봉이 매수존 미접촉 / 최근 5분봉 종가가 매수존 안에 없음,진입가능,0,
