market,status,score,lower_reclaim_level,upper_break_level,aggressive_entry_zone,confirmation_entry_zone,hard_stop,targets,first_target_rr,candle_end_time
KRW-PROS,선매수감시,5,877.0,911.0,[],"[911.0, 924.665]",817.55,"[911.0, 1112.0, 1390.0]",0.57,2026-09-28T21:00:00+09:00
KRW-SUI,선매수감시,5,1602.7,1748.4,"[1602.7, 1649.395]","[1748.4, 1774.626]",1550.39,"[1748.4, 1827.078, 2283.8475]",1.62,2026-09-28T21:00:00+09:00
KRW-DEEP,준비,4,30.0,41.8,"[30.0, 31.2]","[41.8, 42.427]",28.8605,"[41.8, 43.681, 54.60125]",6.44,2026-09-28T21:00:00+09:00
KRW-GAME2,준비,3,1.5,1.62,"[1.5, 1.5389]","[1.62, 1.6443]",1.4578,"[1.62, 1.6929, 2.116125]",1.63,2026-09-28T21:00:00+09:00
KRW-ALGO,준비,3,174.9,190.8,[],"[190.8, 193.662]",153.66,"[190.8, 199.386, 249.2325]",0.75,2026-09-28T21:00:00+09:00
KRW-HBAR,제외,2,149.6,163.2,[],"[163.2, 165.648]",125.095,"[163.2, 170.544, 213.18]",0.55,2026-09-28T21:00:00+09:00
KRW-PENGU,제외,2,16.61,18.12,[],"[18.12, 18.3918]",12.5095,"[18.12, 18.9354, 23.66925]",0.37,2026-09-28T21:00:00+09:00
KRW-META2,제외,2,13343.0,14556.0,[],"[14556.0, 14774.34]",7791.35,"[14556.0, 15211.02, 19013.775]",0.22,2026-09-28T21:00:00+09:00
KRW-USDT,제외,2,1431.0,1545.48,"[1431.0, 1439.585]","[1545.48, 1568.6622]",1333.69,"[1545.48, 1615.0266, 2018.78325]",1.08,2026-09-28T21:00:00+09:00
KRW-WLFI,제외,2,86.6,93.528,[],"[93.528, 94.93092]",74.663,"[93.528, 97.73676, 122.17095]",0.58,2026-09-28T21:00:00+09:00
KRW-TRUMP,제외,2,3607.0,3895.56,[],"[3895.56, 3953.9934]",2634.875,"[3895.56, 4070.8602, 5088.57525]",0.3,2026-09-28T21:00:00+09:00
KRW-ETH,제외,2,4154700.0,4532400.0,[],"[4532400.0, 4600386.0]",3523345.0,"[4532400.0, 4736358.0, 5920447.5]",0.6,2026-09-28T21:00:00+09:00
KRW-AXL,제외,2,82.61,90.12,[],"[90.12, 91.4718]",67.8665,"[90.12, 94.1754, 117.71925]",0.51,2026-09-28T21:00:00+09:00
KRW-SAND,제외,2,66.0,71.28,[],"[71.28, 72.3492]",57.0315,"[71.28, 74.4876, 93.1095]",0.59,2026-09-28T21:00:00+09:00
KRW-T,제외,2,9.097,9.924,[],"[9.924, 10.07286]",7.06245,"[9.924, 10.37058, 12.963225]",0.41,2026-09-28T21:00:00+09:00
KRW-XLM,제외,2,312.0,336.96,[],"[336.96, 342.0144]",276.785,"[336.96, 352.1232, 440.154]",0.71,2026-09-28T21:00:00+09:00
KRW-DATA,제외,2,363.0,392.04,[],"[392.04, 397.9206]",286.635,"[392.04, 409.6818, 512.10225]",0.38,2026-09-28T21:00:00+09:00
KRW-FIL,제외,1,1702.8,1857.6,[],"[1857.6, 1885.464]",1390.82,"[1857.6, 1941.192, 2426.49]",0.5,2026-09-28T21:00:00+09:00
KRW-0G,제외,1,395.0,426.6,[],"[426.6, 432.999]",330.96,"[426.6, 445.797, 557.24625]",0.49,2026-09-28T21:00:00+09:00
KRW-BCH,제외,1,545600.0,595200.0,[],"[595200.0, 604128.0]",408282.5,"[595200.0, 621984.0, 777480.0]",0.36,2026-09-28T21:00:00+09:00
KRW-AAVE,제외,1,230230.0,251160.0,[],"[251160.0, 254927.4]",195424.0,"[251160.0, 262462.2, 328077.75]",0.6,2026-09-28T21:00:00+09:00
KRW-EUL,제외,1,2379.0,2569.32,[],"[2569.32, 2607.8598]",1869.53,"[2569.32, 2684.9394, 3405.0]",0.37,2026-09-28T21:00:00+09:00
KRW-APT,제외,1,1377.0,1487.16,[],"[1487.16, 1509.4674]",1084.485,"[1487.16, 1554.0822, 1942.60275]",0.38,2026-09-28T21:00:00+09:00
KRW-ETC,제외,1,15609.0,17028.0,[],"[17028.0, 17283.42]",12007.15,"[17028.0, 17794.26, 22242.825]",0.39,2026-09-28T21:00:00+09:00
KRW-LA,제외,1,114.0,123.12,[],"[123.12, 124.9668]",87.7635,"[123.12, 128.6604, 162.0]",0.35,2026-09-28T21:00:00+09:00
KRW-CPOOL,제외,1,65.45,71.4,[],"[71.4, 72.471]",44.0295,"[71.4, 74.613, 93.26625]",0.28,2026-09-28T21:00:00+09:00
KRW-CHZ,제외,1,24.4,26.352,[],"[26.352, 26.74728]",20.7835,"[26.352, 27.53784, 34.4223]",0.54,2026-09-28T21:00:00+09:00
KRW-ENS,제외,1,11000.0,12000.0,[],"[12000.0, 12180.0]",8746.8,"[12000.0, 12540.0, 15675.0]",0.44,2026-09-28T21:00:00+09:00
KRW-ZRO,제외,1,2458.5,2682.0,[],"[2682.0, 2722.23]",1914.84,"[2682.0, 2802.69, 3503.3625]",0.41,2026-09-28T21:00:00+09:00
KRW-SLX,제외,1,110.0,118.8,[],"[118.8, 120.582]",86.7785,"[118.8, 124.146, 160.0]",0.38,2026-09-28T21:00:00+09:00
KRW-ENSO,제외,1,1760.0,1920.0,[],"[1920.0, 1948.8]",1329.75,"[1920.0, 2006.4, 2508.0]",0.37,2026-09-28T21:00:00+09:00
KRW-BTT,제외,1,0.0006556,0.0007152,[],"[0.0007152, 0.00072593]",0.00049151,"[0.0007152, 0.00074738, 0.00093423]",0.36,2026-09-28T21:00:00+09:00
KRW-LSK,제외,0,748.0,816.0,[],"[816.0, 828.24]",367.405,"[816.0, 852.72, 1065.9]",0.18,2026-09-28T21:00:00+09:00
KRW-SOPH,제외,0,17.93,19.56,[],"[19.56, 19.8534]",4.8856,"[19.56, 20.4402, 25.55025]",0.12,2026-09-28T21:00:00+09:00
KRW-BIRB,제외,0,108.0,116.64,[],"[116.64, 118.3896]",85.9905,"[116.64, 121.8888, 152.361]",0.39,2026-09-28T21:00:00+09:00
KRW-CC,준비,4,174.0,187.0,"[174.0, 179.195]","[187.0, 189.805]",171.39,"[187.0, 195.415, 244.26875]",2.0,2026-09-28T21:00:00+09:00
KRW-AZTEC,준비,4,24.7,26.676,"[24.7, 24.764]","[26.676, 27.07614]",22.852,"[26.676, 27.87642, 34.845525]",1.03,2026-09-28T21:00:00+09:00
KRW-IRYS,준비,3,23.7,25.596,"[23.7, 24.07625]","[25.596, 25.97994]",22.5565,"[25.596, 26.74782, 33.434775]",1.28,2026-09-28T21:00:00+09:00
KRW-AVNT,선매수감시,5,173.0,175.5,[],"[175.5, 178.1325]",160.555,"[175.5, 185.0, 231.25]",0.2,2026-09-28T21:00:00+09:00
KRW-PUMP,선매수감시,5,6.835,7.04,[],"[7.04, 7.1456]",6.3434,"[7.04, 7.3568, 9.196]",0.42,2026-09-28T21:00:00+09:00
KRW-JUP,제외,2,477.4,520.8,"[477.4, 483.5025]","[520.8, 528.612]",446.205,"[520.8, 544.236, 680.295]",1.18,2026-09-28T21:00:00+09:00
KRW-NEAR,제외,2,7199.5,7854.0,"[7199.5, 7202.125]","[7854.0, 7971.81]",6550.25,"[7854.0, 8207.43, 10259.2875]",1.0,2026-09-28T21:00:00+09:00
KRW-ARX,제외,2,386.5,417.42,[],"[417.42, 423.6813]",308.305,"[417.42, 436.2039, 545.254875]",0.4,2026-09-28T21:00:00+09:00
KRW-XPL,제외,2,158.5,171.18,[],"[171.18, 173.7477]",132.975,"[171.18, 178.8831, 223.603875]",0.5,2026-09-28T21:00:00+09:00
KRW-PROM,자료부족,0,,,,,,,,
KRW-FOLD,자료부족,0,,,,,,,,
KRW-CP,자료부족,0,,,,,,,,
KRW-CASHCAT,자료부족,0,,,,,,,,
KRW-CAP,자료부족,0,,,,,,,,
KRW-SHIB,오류,0,,,,,,,,
KRW-DOGE,오류,0,,,,,,,,
KRW-UNI,오류,0,,,,,,,,
KRW-2Z,오류,0,,,,,,,,
KRW-WLD,오류,0,,,,,,,,
KRW-PEPE,오류,0,,,,,,,,
KRW-SEI,오류,0,,,,,,,,
KRW-JTO,오류,0,,,,,,,,
KRW-G,오류,0,,,,,,,,
KRW-EGLD,오류,0,,,,,,,,
KRW-B3,오류,0,,,,,,,,
KRW-TRX,오류,0,,,,,,,,
KRW-PLUME,오류,0,,,,,,,,
KRW-IOTA,오류,0,,,,,,,,
KRW-VIRTUAL,오류,0,,,,,,,,
KRW-RVN,오류,0,,,,,,,,
KRW-IN,오류,0,,,,,,,,
KRW-MANTRA,오류,0,,,,,,,,
KRW-HP,오류,0,,,,,,,,
KRW-TRUST,오류,0,,,,,,,,
KRW-POL,오류,0,,,,,,,,
KRW-ARB,오류,0,,,,,,,,
KRW-AXS,오류,0,,,,,,,,
KRW-ARDR,오류,0,,,,,,,,
KRW-ARK,오류,0,,,,,,,,
KRW-RE,오류,0,,,,,,,,
KRW-W,오류,0,,,,,,,,
KRW-CBK,오류,0,,,,,,,,
KRW-TAIKO,오류,0,,,,,,,,
KRW-AVAX,오류,0,,,,,,,,
KRW-LINK,오류,0,,,,,,,,
KRW-SC,오류,0,,,,,,,,
KRW-GRT,오류,0,,,,,,,,
KRW-TAO,오류,0,,,,,,,,
KRW-XRP,오류,0,,,,,,,,
KRW-CFG,오류,0,,,,,,,,
KRW-ENA,오류,0,,,,,,,,
KRW-SOON,오류,0,,,,,,,,
KRW-ONDO,오류,0,,,,,,,,
KRW-ELSA,오류,0,,,,,,,,
KRW-SOL,오류,0,,,,,,,,
KRW-DRV,오류,0,,,,,,,,
KRW-ADA,오류,0,,,,,,,,
KRW-CHIP,오류,0,,,,,,,,
KRW-MON,오류,0,,,,,,,,
KRW-EDGE,오류,0,,,,,,,,
KRW-SAHARA,오류,0,,,,,,,,
KRW-BTC,오류,0,,,,,,,,
KRW-MMT,오류,0,,,,,,,,
KRW-STX,오류,0,,,,,,,,
KRW-FLOCK,오류,0,,,,,,,,
